strain_name,locus_tag,gene_loc,gene_strand,sgrna_strand,sgrna_loc,gc,pam,sgrna,sgrna_seed_sequence,off_target_count,editable_cytosines,mutations
Streptomyces_coelicolor_A3_chromosome,SCO5088,5531201,1,-1,73,0.8,AGG,CCGCCGACCAGTACGGCGCC,CCAGTACGGCGCC,1,"4,5,8,9","W22*, A24T"
Streptomyces_coelicolor_A3_chromosome,SCO5088,5531201,1,-1,67,0.75,AGG,ACCAGTACGGCGCCAGGCCG,CGGCGCCAGGCCG,0,"3,8",W22*
Streptomyces_coelicolor_A3_chromosome,SCO5089,5532449,1,1,162,0.8,CGG,CCGCGGCGCGACTCGAGAGC,GCGACTCGAGAGC,0,"4,7,9","A49V, A50V, R51*"
Streptomyces_coelicolor_A3_chromosome,SCO5089,5532449,1,1,167,0.7,CGG,GCGCGACTCGAGAGCCGGTA,TCGAGAGCCGGTA,0,"4,7,9","R51*, L52F"
Streptomyces_coelicolor_A3_chromosome,SCO5087,5529801,1,-1,210,0.6,GGG,GAGCAGTTCCCAGAACTGCC,TCCCAGAACTGCC,0,"4,9,10","W67*, E68K"
Streptomyces_coelicolor_A3_chromosome,SCO5088,5531201,1,1,216,0.7,CGG,CGCAGACGGACCCCTCCACA,GGACCCCTCCACA,0,"3,7","Q67*, T68M"
Streptomyces_coelicolor_A3_chromosome,SCO5088,5531201,1,-1,252,0.8,CGG,CTGGAGGGCCCAGTCCGCGG,GCCCAGTCCGCGG,0,"9,10","W81*, A82T"
Streptomyces_coelicolor_A3_chromosome,SCO5088,5531201,1,1,262,0.75,CGG,GGCCCTCCAGGACGCGAAGG,CAGGACGCGAAGG,0,"3,4,5,7,8","A82V, L83F, Q84*"
Streptomyces_coelicolor_A3_chromosome,SCO5087,5529801,1,1,283,0.75,AGG,CCGTTCACAGGTCGCGGCGG,CAGGTCGCGGCGG,0,"6,8","S90L, Q91*"
Streptomyces_coelicolor_A3_chromosome,SCO5088,5531201,1,-1,361,0.6,CGG,ACCACAGCTTGCGGAACTCC,CTTGCGGAACTCC,0,"3,5,8",W120*
Streptomyces_coelicolor_A3_chromosome,SCO5088,5531201,1,1,438,0.6,CGG,ACACCGGCCAGATCTCCATC,CCAGATCTCCATC,0,"4,5,8,9","T141I, Q143*"
Streptomyces_coelicolor_A3_chromosome,SCO5088,5531201,1,1,443,0.65,CGG,GGCCAGATCTCCATCCGGCA,TCTCCATCCGGCA,0,"3,4,9",Q143*
Streptomyces_coelicolor_A3_chromosome,SCO5088,5531201,1,1,493,0.9,TGG,CGCCGAGCAGGCCGGGGGCC,CAGGCCGGGGGCC,0,"3,4,8","A159V, Q161*"
Streptomyces_coelicolor_A3_chromosome,SCO5087,5529801,1,-1,522,0.7,CGG,GTCGACCTCCCAGTCACGGC,TCCCAGTCACGGC,0,"3,6,7,9,10","W171*, E172K, V173I, D174N"
Streptomyces_coelicolor_A3_chromosome,SCO5087,5529801,1,-1,600,0.8,CGG,GCCGACCGCCCAGGCGACCT,GCCCAGGCGACCT,0,"3,6,7,9,10","W197*, A198T, V199I, G200S"
Streptomyces_coelicolor_A3_chromosome,SCO5087,5529801,1,-1,596,0.8,CGG,ACCGCCCAGGCGACCTCGGC,AGGCGACCTCGGC,1,"3,5,6,7","W197*, A198T"
Streptomyces_coelicolor_A3_chromosome,SCO5088,5531201,1,1,605,0.65,TGG,TGGGTCTCGCAGATCGCCAG,CGCAGATCGCCAG,0,"6,8,10","S198L, Q199*"
Streptomyces_coelicolor_A3_chromosome,SCO5088,5531201,1,1,609,0.65,CGG,TCTCGCAGATCGCCAGTGGC,GATCGCCAGTGGC,0,"4,6","S198L, Q199*"
Streptomyces_coelicolor_A3_chromosome,SCO5088,5531201,1,-1,1180,0.85,AGG,AGCCCCAGCGGCCCCTGGCC,GCGGCCCCTGGCC,0,"3,4,5,6,9","R391H, W392*, G393N"
Streptomyces_coelicolor_A3_chromosome,SCO5088,5531201,1,-1,1185,0.75,TGG,GTTGAAGCCCCAGCGGCCCC,CCCCAGCGGCCCC,0,"8,9,10","W392*, G393N"
